"Маркерный запрос";"Фраза";"Частота";"Источник фразы"
"";"декор для детской";"8479";"Исходная фраза"
"декор для детской";"декор детской комнаты";"1964";"Яндекс.Wordstat"
"декор для детской";"декор для детской комнаты";"1964";"Подсказки Яндекс"
"декор для детской";"декор для детской своими руками";"1180";"Подсказки Яндекс"
"декор для детской";"декор детской своими руками";"1179";"Яндекс.Wordstat"
"декор для детской";"декор стен в детской";"740";"Яндекс.Wordstat"
"декор для детской";"декор детского праздника";"522";"Яндекс.Wordstat"
"декор дизайн детской";"декор детские праздники";"522";"Подсказки Яндекс"
"декор для детской";"декор детской комнаты своими руками";"412";"Яндекс.Wordstat"
"декор для детской";"декор для детской комнаты своими руками";"412";"Подсказки Яндекс"
"декор детской своими руками";"декор в детской комнате своими руками";"412";"Подсказки Яндекс"
"декор для детской";"декор детского дня рождения";"407";"Яндекс.Wordstat"
"декор для детской";"декор для детской купить";"309";"Яндекс.Wordstat"
"декор для детской";"декор детской фото";"292";"Яндекс.Wordstat"
"декор для детской";"декор для детского сада";"269";"Яндекс.Wordstat"
"декор для детской";"декор стен в детской комнате";"251";"Яндекс.Wordstat"
"декор для детской";"декор детской идеи";"239";"Яндекс.Wordstat"
"декор для детской";"декор детской наклейки";"217";"Яндекс.Wordstat"
"декор для детской";"новогодний декор детской";"182";"Яндекс.Wordstat"
"декор детской комнаты";"декор детской комнаты купить";"175";"Подсказки Яндекс"
"декор для детской";"магазин детского декора";"169";"Яндекс.Wordstat"
"декор для детской";"декор детского сада своими руками";"161";"Яндекс.Wordstat"
"декор для детской";"декор детских тортов";"147";"Яндекс.Wordstat"
"декор для детской";"детские трафареты для декора";"145";"Яндекс.Wordstat"
"декор для детской";"детский осенний декор";"141";"Яндекс.Wordstat"
"декор для детской";"декор детской кроватки";"141";"Яндекс.Wordstat"
"декор для детской";"декор для детской кроватки";"141";"Подсказки Яндекс"
"декор для детской";"декор детской для девочек";"138";"Яндекс.Wordstat"
"декор стен в детской";"декор стен в детской своими руками";"138";"Подсказки Яндекс"
"декор для детской";"декор детской своими руками фото";"134";"Яндекс.Wordstat"
"декор для детской";"детское оформление декор";"126";"Яндекс.Wordstat"
"декор для детской";"декор детской спальни";"122";"Яндекс.Wordstat"
"декор для детской";"декор стены в детской своими руками";"121";"Яндекс.Wordstat"
"декор для детской";"купить декор стен детские";"116";"Яндекс.Wordstat"
"декор для детской";"декор для детской для мальчиков";"116";"Яндекс.Wordstat"
"декор для детской купить";"декор для детской купить на стену";"116";"Подсказки Яндекс"
"декор для детской";"декор стен в детском саду";"113";"Яндекс.Wordstat"
"декор для детской";"декор детской мебели";"112";"Яндекс.Wordstat"
"декор для детской";"декор для детской мебели";"112";"Подсказки Яндекс"
"декор для детской";"декор детской интернет магазин";"110";"Яндекс.Wordstat"
"декор для детской";"декор детской одежды";"107";"Яндекс.Wordstat"
"декор для детской";"декор для детской комнаты купить";"105";"Яндекс.Wordstat"
"декор для детской";"декор детского стола";"104";"Яндекс.Wordstat"
"декор для детской";"декор детской кровати";"98";"Яндекс.Wordstat"
"декор для детской";"детская декор косметика";"94";"Яндекс.Wordstat"
"декор стен в детской";"декор стен в детской купить";"89";"Яндекс.Wordstat"
"декор для детской";"деревянный декор детской";"88";"Яндекс.Wordstat"
"декор для детской";"новогодний декор детского сада";"84";"Яндекс.Wordstat"
"декор для детской";"набор детской декор косметики eva moda";"82";"Яндекс.Wordstat"
"декор для детской";"декор детской комнаты фото";"79";"Яндекс.Wordstat"
"набор детской декор косметики eva moda";"набор детской декор косметики eva moda bondibon";"79";"Подсказки Яндекс"
"декор для детской";"интерьер детской декор";"78";"Яндекс.Wordstat"
"декор для детской";"декор окна в детской";"77";"Яндекс.Wordstat"
"декор для детской";"магазин декора детских комнат";"76";"Яндекс.Wordstat"
"магазин декора детских комнат";"магазин декора детской комнаты";"76";"Подсказки Яндекс"
"декор для детской";"подушки декор детские";"75";"Яндекс.Wordstat"
"декор для детской";"декор обоев в детской";"75";"Яндекс.Wordstat"
"декор для детской";"декор детских штор";"74";"Яндекс.Wordstat"
"декор для детской";"декор детской комнаты для девочки";"73";"Яндекс.Wordstat"
"декор для детской";"аренда детского декора";"72";"Яндекс.Wordstat"
"декор для детской";"элементы декора детской";"72";"Яндекс.Wordstat"
"декор для детской";"декор детской своими руками идеи";"71";"Яндекс.Wordstat"
"декор детской комнаты";"декор детской комнаты интернет магазин";"70";"Подсказки Яндекс"
"магазин детского декора";"интернет магазин детского декора в комнату";"70";"Подсказки Яндекс"
"декор для детской";"декор для детской комнаты интернет магазин";"66";"Яндекс.Wordstat"
"декор для детской";"трафареты для декора детской своими руками";"65";"Яндекс.Wordstat"
"детские трафареты для декора";"детские трафареты для декора своими руками";"65";"Подсказки Яндекс"
"декор для детской";"декор детской комнаты мальчика";"59";"Яндекс.Wordstat"
"декор для детской";"декор детской москва";"59";"Яндекс.Wordstat"
"декор для детской";"декор детского дня рождения своими руками";"58";"Яндекс.Wordstat"
"декор для детской купить";"декор для стен детской купить";"58";"Яндекс.Wordstat"
"декор для детской";"декор групп детского сада";"56";"Яндекс.Wordstat"
"декор для детской";"идеи декора детской комнаты";"55";"Яндекс.Wordstat"
"идеи декора детской комнаты";"идеи декора детской комнаты своими";"55";"Подсказки Яндекс"
"трафареты для декора детской своими руками";"трафареты для декора детской своими руками шаблоны";"52";"Подсказки Яндекс"
"декор для детской";"наклейки для декора стен в детской";"51";"Яндекс.Wordstat"
"декор для детской";"детские трафареты для декора своими руками шаблоны";"51";"Яндекс.Wordstat"
"декор для детской";"детские трафареты для декора шаблоны";"51";"Яндекс.Wordstat"
"декор для детской";"декор банок из под детского";"51";"Яндекс.Wordstat"
"декор детской комнаты своими руками";"декор детской комнаты своими руками стены";"51";"Подсказки Яндекс"
"декор для детской";"детские картинки для декора";"50";"Яндекс.Wordstat"
"декор детской своими руками";"декор детской своими руками из подручных материалов";"50";"Подсказки Яндекс"
"осенний декор в детском саду";"осенний декор в детском саду своими руками";"49";"Подсказки Яндекс"
"осенний декор для детского сада";"осенний декор для детского сада своими руками";"49";"Подсказки Яндекс"
"декор для детской";"декор из дерева для детской";"47";"Яндекс.Wordstat"
"декор для детской для мальчиков";"декор детской комнаты для мальчиков";"47";"Яндекс.Wordstat"
"декор стен в детской";"декор стен в детской комнате купить";"47";"Подсказки Яндекс"
"декор детской комнаты своими руками";"декор детской комнаты своими руками из подручных";"47";"Подсказки Яндекс"
"декор для детской";"осенний декор в детском саду";"44";"Яндекс.Wordstat"
"декор для детского сада";"декор для детского сада своими руками";"44";"Яндекс.Wordstat"
"декор детской комнаты";"декор детской комнаты своими руками из подручных материалов";"44";"Подсказки Яндекс"
"декор для детской";"декор дизайн детской";"43";"Яндекс.Wordstat"
"декор для детской";"декор потолка в детской";"43";"Яндекс.Wordstat"
"декор для детской";"декор стен в детской комнате своими руками";"42";"Яндекс.Wordstat"
"декор для детской";"детская студия декора";"42";"Яндекс.Wordstat"
"декор детского праздника";"декор детского праздника своими руками";"42";"Подсказки Яндекс"
"декор для детской";"декор из банок детского питания";"40";"Яндекс.Wordstat"
"детские трафареты для декора";"детские трафареты для декора стен";"40";"Подсказки Яндекс"
"декор для детской";"купить декор для детского дня рождения";"38";"Яндекс.Wordstat"
"декор для детской";"декор детских фотосессий";"38";"Яндекс.Wordstat"
"декор для детской";"декор детской кроватки своими руками";"38";"Яндекс.Wordstat"
"декор для детской";"декор для детской фотосессии";"38";"Подсказки Яндекс"
"декор детской кровати";"декор детских кроваток своими руками";"38";"Подсказки Яндекс"
"декор для детской";"декор детского домика";"37";"Яндекс.Wordstat"
"декор для детской";"декор детского шкафа";"37";"Яндекс.Wordstat"
"декор для детской";"осенний декор своими руками детского сада фото";"37";"Яндекс.Wordstat"
"декор для детской";"декор детской фетром";"37";"Яндекс.Wordstat"
"декор для детской";"декор для детской спб";"36";"Яндекс.Wordstat"
"декор для детской";"декор стен в детской фото";"36";"Яндекс.Wordstat"
"декор для детской";"трафареты для декора стен детской";"36";"Яндекс.Wordstat"
"декор для детского сада";"декор для стен детского сада";"35";"Яндекс.Wordstat"
"новогодний декор детской";"новогодний декор детской своими руками";"35";"Подсказки Яндекс"
"декор для детской";"детский праздничный декор";"34";"Яндекс.Wordstat"
"декор обоев в детской";"декор обоев в детской комнате";"34";"Подсказки Яндекс"
"декор обоев в детской";"декор обоев для детской комнаты";"34";"Подсказки Яндекс"
"декор для детской";"детский праздник декор бесплатные шаблоны";"33";"Яндекс.Wordstat"
"декор для детской";"декор детских вещей";"33";"Яндекс.Wordstat"
"декор для детской";"стили декора детской комнаты";"33";"Яндекс.Wordstat"
"декор для детской";"декор банок из под детского питания";"32";"Яндекс.Wordstat"
"декор для детской";"декор детской комнаты своими руками фото";"32";"Яндекс.Wordstat"
"декор для детской";"декор баночек от детского питания";"31";"Яндекс.Wordstat"
"декор для детской";"детский декор из фанеры";"30";"Яндекс.Wordstat"
"декор для детской";"декор детской площадки";"30";"Яндекс.Wordstat"
"декор для детской";"бумажный декор для детского дня рождения";"30";"Яндекс.Wordstat"
"декор для детского сада";"декор для детского сада осень";"30";"Подсказки Яндекс"
"наклейки для декора стен в детской";"наклейки для декора стен в детской купить";"30";"Подсказки Яндекс"
"декор дизайн детской";"декор детские площадки";"30";"Подсказки Яндекс"
"декор детской площадки";"декор детской площадки своими";"30";"Подсказки Яндекс"
"декор для детской";"декор детских праздников купить";"28";"Яндекс.Wordstat"
"декор для детской";"декор для детского сада купить";"28";"Яндекс.Wordstat"
"декор для детской";"декор стен в детском саду своими руками";"28";"Яндекс.Wordstat"
"декор детского праздника";"декор детского праздника купить";"28";"Подсказки Яндекс"
"декор для детской";"декор детской фотозоны";"27";"Яндекс.Wordstat"
"декор для детской";"декор в детскую в морском стиле";"27";"Яндекс.Wordstat"
"декор для детской";"морской декор для детской";"27";"Яндекс.Wordstat"
"декор окна в детской";"декор окон в детской комнате";"27";"Подсказки Яндекс"
"декор для детской";"декор баночек из под детского";"26";"Яндекс.Wordstat"
"декор для детской";"идеи декора стен в детской";"26";"Яндекс.Wordstat"
"декор для детской";"декор для оформления детского праздника";"26";"Яндекс.Wordstat"
"декор для детской";"декор детской кухни";"26";"Яндекс.Wordstat"
"декор для детской";"декор детских садиков";"25";"Яндекс.Wordstat"
"декор для детской";"декор детской рамки";"25";"Яндекс.Wordstat"
"декор для детской";"декор баночек из под детского питания";"25";"Яндекс.Wordstat"
"декор для детской";"декор для детского праздника своими руками";"25";"Яндекс.Wordstat"
"декор для детской";"бабочки в детской декор";"25";"Яндекс.Wordstat"
"декор для детской купить";"декор для детской купить в спб";"25";"Подсказки Яндекс"
"декор для детской купить";"декор для детской купить москва";"25";"Подсказки Яндекс"
"декор для детской";"декор детской крючком";"24";"Яндекс.Wordstat"
"декор для детской";"декор окна в детской комнате";"23";"Яндекс.Wordstat"
"декор для детской";"аренда декора для детского праздника";"23";"Яндекс.Wordstat"
"декор детской наклейки";"декор детской комнаты наклейки на стену";"23";"Подсказки Яндекс"
"наклейки для декора стен в детской";"наклейки для декора стен в детской комнате";"23";"Подсказки Яндекс"
"декор для детской";"бумажный декор для детского праздника";"22";"Яндекс.Wordstat"
"декор для детской";"декор для детской симс 4";"22";"Яндекс.Wordstat"
"декор для детской";"декор детской комнаты дерево";"22";"Яндекс.Wordstat"
"декор из дерева для детской";"декор из дерева для детской комнаты";"22";"Подсказки Яндекс"
"декор для детской";"декор детских праздников москва";"21";"Яндекс.Wordstat"
"декор для детской";"новогодний декор детской комнаты";"21";"Яндекс.Wordstat"
"декор для детской";"декор над детской кроваткой";"21";"Яндекс.Wordstat"
"декор для детской";"декор для детской комнаты наклейки";"21";"Яндекс.Wordstat"
"декор для детской";"декор детской икеа";"21";"Яндекс.Wordstat"
"декор стен в детской";"трафареты для декора стен в детской";"21";"Яндекс.Wordstat"
"декор детского праздника";"декор детского праздника москва";"21";"Подсказки Яндекс"
"настенный декор в детскую";"настенный декор в детскую комнату";"21";"Подсказки Яндекс"
"декор для детской";"детский декор мишки";"20";"Яндекс.Wordstat"
"декор для детской";"декор детского столика";"20";"Яндекс.Wordstat"
"декор для детской";"настенный декор в детскую";"20";"Яндекс.Wordstat"
"декор для детской купить";"декор для детского праздника купить";"20";"Яндекс.Wordstat"
"элементы декора детской";"элементы декора детской комнаты";"20";"Подсказки Яндекс"
"декор для детской";"трафареты для декора детской комнаты";"19";"Яндекс.Wordstat"
"декор для детской";"наклейки на обои декор в детскую";"19";"Яндекс.Wordstat"
"декор для детской";"декор воздушными шарами детского др";"19";"Яндекс.Wordstat"
"декор для детской";"декор выпускного в детском саду";"19";"Яндекс.Wordstat"
"декор для детского сада";"осенний декор для детского сада";"19";"Яндекс.Wordstat"
"декор для детской";"детский стульчик декор";"18";"Яндекс.Wordstat"
"декор для детской";"декор детского центра";"18";"Яндекс.Wordstat"
"декор для детской";"декор детской для мальчика своими руками";"18";"Яндекс.Wordstat"
"декор для детской";"декор детского стола своими руками";"18";"Яндекс.Wordstat"
"декор для детской";"декор детской одежды своими руками";"17";"Яндекс.Wordstat"
"декор для детской";"идеи декора детской комнаты своими руками";"17";"Яндекс.Wordstat"
"декор для детской";"декор для стен детской комнаты купить";"17";"Яндекс.Wordstat"
"декор для детской";"декор детской своими руками фото идеи";"17";"Яндекс.Wordstat"
"декор стены в детской своими руками";"декор стены в детской своими руками фото";"17";"Подсказки Яндекс"
"декор стены в детской своими руками";"декор стен в детской своими руками фото";"17";"Подсказки Яндекс"
"декор для детской";"подушки декор детской комнаты";"16";"Яндекс.Wordstat"
"декор для детской";"декор для детского платья";"16";"Яндекс.Wordstat"
"декор для детской";"декор детской площадки своими руками";"16";"Яндекс.Wordstat"
"декор для детской";"декор банок из под детской смеси";"16";"Яндекс.Wordstat"
"декор для детской";"декор детских валенок";"16";"Яндекс.Wordstat"
"декор детского дня рождения";"декор детского дня рождения 1 год";"16";"Подсказки Яндекс"
"декор для детской";"рим декор шторы детские";"15";"Яндекс.Wordstat"
"декор для детской";"декор аксессуары для детской";"15";"Яндекс.Wordstat"
"декор для детской";"декор детской в скандинавском стиле";"15";"Яндекс.Wordstat"
"декор для детской";"декор для детской комнаты купить в москве";"15";"Подсказки Яндекс"
"декор детской комнаты";"декор детской комнаты своими руками из подручных материалов фото";"15";"Подсказки Яндекс"
"декор детской спальни";"декор детской спальни своими руками";"15";"Подсказки Яндекс"
"декор для детской";"декор детской для новорожденного";"14";"Яндекс.Wordstat"
"декор для детской";"декор детских праздников спб";"14";"Яндекс.Wordstat"
"декор для детской";"детский праздник декор вк";"14";"Яндекс.Wordstat"
"декор для детской";"детский праздник декор бесплатные шаблоны вк";"14";"Яндекс.Wordstat"
"декор для детской";"декор детской для девочки своими руками";"14";"Яндекс.Wordstat"
"декор для детской";"декор детских футболок";"14";"Яндекс.Wordstat"
"декор для детской";"декор детских мероприятий";"14";"Яндекс.Wordstat"
"декор для детской";"трум трум декор детской комнаты";"14";"Яндекс.Wordstat"
"декор для детской";"наклейки на обои декор стен в детской";"14";"Яндекс.Wordstat"
"идеи декора стен в детской";"идеи декора стен в детской своими руками";"14";"Подсказки Яндекс"
"декор для детской";"декор спальни в детском саду";"13";"Яндекс.Wordstat"
"декор для детской";"аренда декора на детский день рождения";"13";"Яндекс.Wordstat"
"декор для детской";"эксклюзивная детская мебель и декор";"13";"Яндекс.Wordstat"
"декор для детской";"декор новогоднего детского стола";"13";"Яндекс.Wordstat"
"декор окна в детской";"декор окна в детской фото";"13";"Подсказки Яндекс"
"трафареты для декора стен детской";"трафареты для декора стен детской комнаты";"13";"Подсказки Яндекс"
"трафареты для декора стен детской";"трафарет для декора стен детской комнаты";"13";"Подсказки Яндекс"
"трафареты для декора стен в детской";"трафареты для декора стен в детской комнате";"13";"Подсказки Яндекс"
"декор для детской";"декор детских праздников кременчуг";"12";"Яндекс.Wordstat"
"декор для детской";"бумажный декор для детского дня рождения купить";"12";"Яндекс.Wordstat"
"декор для детской";"наклейки в детскую комнату на стену декор";"12";"Яндекс.Wordstat"
"декор для детской";"воздушный шар декор в детскую";"12";"Яндекс.Wordstat"
"декор для детской";"декор детского стула";"12";"Яндекс.Wordstat"
"декор для детской";"декор осень для детского сада";"12";"Яндекс.Wordstat"
"декор для детской";"декор детского стола на день рождения";"12";"Яндекс.Wordstat"
"декор детского дня рождения";"декор детского дня рождения в стиле строительных машин";"12";"Подсказки Яндекс"
"декор потолка в детской";"декор потолка в детской комнате";"12";"Подсказки Яндекс"
"морской декор для детской";"морской декор для детской комнаты";"12";"Подсказки Яндекс"
"аренда декора для детского праздника";"аренда декора для детского праздника москва";"12";"Подсказки Яндекс"
"декор для детской";"осенний декор детской комнаты";"11";"Яндекс.Wordstat"
"декор для детской";"декор стен в детской для мальчика";"11";"Яндекс.Wordstat"
"декор для детской";"новогодний декор своими руками в детском саду";"11";"Яндекс.Wordstat"
"декор для детской";"декор стены в детской для девочек";"11";"Яндекс.Wordstat"
"декор для детской";"декор детской одежды своими руками идеи";"11";"Яндекс.Wordstat"
"декор для детской";"зимний декор для детского сада";"10";"Яндекс.Wordstat"
"декор для детской";"декор для детского хэллоуина";"10";"Яндекс.Wordstat"
"декор для детской";"декор детских тортов в домашних условиях";"10";"Яндекс.Wordstat"
"декор для детской";"сивка бурка детский декор";"10";"Яндекс.Wordstat"
"декор для детской";"студия декора детских праздников";"10";"Яндекс.Wordstat"
"декор для детской";"декор жестяных банок из под детского питания";"10";"Яндекс.Wordstat"
"декор для детской";"декор детской шапки своими руками";"10";"Яндекс.Wordstat"
"декор для детской";"декор детских фоторамок";"9";"Яндекс.Wordstat"
"декор для детской";"деревянный декор для детской комнаты";"9";"Яндекс.Wordstat"
"декор для детской";"декор детской зоны";"9";"Яндекс.Wordstat"
"декор детской спальни";"декор детской спальни фото";"9";"Подсказки Яндекс"
"декор обоев в детской";"декор обоев в детской фото";"9";"Подсказки Яндекс"
"декор для детской";"декор детской водолазки";"8";"Яндекс.Wordstat"
"декор для детской";"осенний декор группы в детском саду";"8";"Яндекс.Wordstat"
"декор для детской";"декор детского праздника наборы";"8";"Яндекс.Wordstat"
"декор для детской";"предметы декора для детской комнаты";"8";"Яндекс.Wordstat"
"декор для детской";"декор для детской комнаты купить в спб";"8";"Подсказки Яндекс"
"декор детского дня рождения";"декор детского дня рождения 1 год мальчику";"8";"Подсказки Яндекс"
"декор для детской купить";"декор для детской комнаты купить спб";"8";"Подсказки Яндекс"
"новогодний декор детской";"новогодний декор детской комнаты своими руками";"8";"Подсказки Яндекс"
"декор детских тортов";"декор детских тортов из кремов";"8";"Подсказки Яндекс"
"декор стен в детском саду";"декор стен в детском саду фото";"8";"Подсказки Яндекс"
"декор потолка в детской";"декор потолка в детской своими руками";"8";"Подсказки Яндекс"
"декор детского столика";"декор детского столика своими руками";"8";"Подсказки Яндекс"
"детский декор по дропшиппингу";"детский декор дропшиппинг";"8";"Подсказки Яндекс"
"декор для детской";"аренда декора на детский праздник москва";"7";"Яндекс.Wordstat"
"декор для детской";"деревянный декор в детскую минск";"7";"Яндекс.Wordstat"
"декор для детской";"декор снегурочки в детском саду";"7";"Яндекс.Wordstat"
"декор детской кроватки";"декор детской кроватки своими руками фото";"7";"Подсказки Яндекс"
"декор детской кроватки";"декор детской кроватки фото";"7";"Подсказки Яндекс"
"декор детской кроватки";"декор детской кровати своими руками";"7";"Подсказки Яндекс"
"декор детской одежды";"декор детской одежды крючком";"7";"Подсказки Яндекс"
"декор детского шкафа";"декор детского шкафа своими руками";"7";"Подсказки Яндекс"
"декор детской рамки";"декор детской рамки для фото";"7";"Подсказки Яндекс"
"декор для детской";"идеи для декора детских вязаных вещей";"6";"Яндекс.Wordstat"
"декор для детской";"декор детской опт для интернет магазинов";"6";"Яндекс.Wordstat"
"декор для детской";"декор стены над детской кроваткой";"6";"Яндекс.Wordstat"
"декор для детской";"империя декора наклейки для детского сада";"6";"Яндекс.Wordstat"
"декор для детской";"детский декор новый уренгой";"6";"Яндекс.Wordstat"
"декор для детской";"детский декор по дропшиппингу";"6";"Яндекс.Wordstat"
"декор для детской";"розовый фламинго и декор детской комнаты";"6";"Яндекс.Wordstat"
"декор для детской";"декор для детского сада интернет магазин";"6";"Яндекс.Wordstat"
"декор для детской";"студия декора нижний новгород детский день рождения";"6";"Яндекс.Wordstat"
"декор для детской";"кружка детская с декором 0 18л розовый";"6";"Яндекс.Wordstat"
"декор для детской";"декор в детскую идеи фото";"6";"Яндекс.Wordstat"
"декор детской комнаты";"декор детской комнаты на новый год";"6";"Подсказки Яндекс"
"декор детских тортов";"декор детских тортов без мастики";"6";"Подсказки Яндекс"
"декор окна в детской";"декор окна в детской своими руками";"6";"Подсказки Яндекс"
"аренда детского декора";"аренда детского декора для фотосессий";"6";"Подсказки Яндекс"
"детский праздничный декор";"детский праздничный декор купить";"6";"Подсказки Яндекс"
"бумажный декор для детского дня рождения";"бумажный декор для детского дня рождения своими руками";"6";"Подсказки Яндекс"
"идеи декора стен в детской";"идеи декора стен в детской комнате";"6";"Подсказки Яндекс"
"предметы декора для детской комнаты";"предметы декора для детской комнаты купить";"6";"Подсказки Яндекс"
"декор для детской";"цветы из фетра для декора детского пальто";"5";"Яндекс.Wordstat"
"декор для детской";"декор детской спальни по мультфильму холодное сердце";"5";"Яндекс.Wordstat"
"декор для детской";"бумажный декор для детского праздника своими руками";"5";"Яндекс.Wordstat"
"декор для детской";"декор космос купить для детской";"5";"Яндекс.Wordstat"
"декор для детской";"подвесной декор для детской дома купить украина";"5";"Яндекс.Wordstat"
"декор для детской";"декор детского стульчика своими руками";"5";"Яндекс.Wordstat"
"декор для детской";"каким должен быть декор детского мероприятия";"5";"Яндекс.Wordstat"
"декор для детской";"декор окна в детской комнате без штор";"5";"Яндекс.Wordstat"
"декор для детской";"идеи для детской из дерева декор";"5";"Яндекс.Wordstat"
"декор для детской";"декор для тематических детских праздников";"5";"Яндекс.Wordstat"
"декор для детской";"яркий декор для белой детской";"5";"Яндекс.Wordstat"
"декор для детской";"декор для детской в украине";"5";"Яндекс.Wordstat"
"декор для детского сада";"декор для детского сада купить наклейки на стену";"5";"Подсказки Яндекс"
"декор стен в детском саду";"декор стен в детском саду своими руками фото";"5";"Подсказки Яндекс"
"декор окна в детской";"декор окон в детской комнате фото";"5";"Подсказки Яндекс"
"декор обоев в детской";"декор обоев в детской своими руками";"5";"Подсказки Яндекс"
"элементы декора детской";"элементы декора детской своими руками";"5";"Подсказки Яндекс"
"декор детской площадки";"декор детской площадки в детском саду";"5";"Подсказки Яндекс"
"декор детской площадки";"декор детской площадки в саду";"5";"Подсказки Яндекс"
"декор детской кухни";"декор детской кухни в детском саду";"5";"Подсказки Яндекс"
"декор стен в детской";"декор стен в детской комнате своими руками фото";"4";"Подсказки Яндекс"
"декор детского праздника";"декор детского праздника в стиле щенячий патруль";"4";"Подсказки Яндекс"
"декор для детского сада";"декор для детского сада в группу своими руками";"4";"Подсказки Яндекс"
"детские трафареты для декора";"детские трафареты для декора своими руками шаблоны сделать распечатать";"4";"Подсказки Яндекс"
"декор детской мебели";"декор детской мебели своими руками";"4";"Подсказки Яндекс"
"декор детской одежды";"декор детской одежды как лучше";"4";"Подсказки Яндекс"
"декор окна в детской";"декор окна в детской короткой шторкой";"4";"Подсказки Яндекс"
"трафареты для декора детской своими руками";"трафареты для декора детской своими руками шаблоны сделать распечатать";"4";"Подсказки Яндекс"
"наклейки для декора стен в детской";"наклейки для декора стен в детской комнате купить";"4";"Подсказки Яндекс"
"купить декор для детского дня рождения";"купить декор для детского дня рождения спб";"4";"Подсказки Яндекс"
"трафареты для декора детской комнаты";"трафареты для декора детской комнаты купить";"4";"Подсказки Яндекс"
"декор детской своими руками";"декор детской своими руками оригинальные идеи фото";"3";"Подсказки Яндекс"
"декор стен в детской";"декор стен в детской своими руками оригинальные идеи фото";"3";"Подсказки Яндекс"
"декор детской спальни";"декор детской спальни своими руками фото";"3";"Подсказки Яндекс"
"декор детской одежды";"декор детской одежды своими руками фото";"3";"Подсказки Яндекс"
"декор детского стола";"декор детского стола и стула";"3";"Подсказки Яндекс"
"декор окна в детской";"декор окон в детской комнате фото дизайн";"3";"Подсказки Яндекс"
"декор для детской комнаты интернет магазин";"декор для детской комнаты интернет магазин в москве";"3";"Подсказки Яндекс"
"декор из банок детского питания";"декор из банок детского питания фото";"3";"Подсказки Яндекс"
"декор детской рамки";"декор детской рамки для фото своими руками";"3";"Подсказки Яндекс"
"декор детских футболок";"декор детских футболок своими руками";"3";"Подсказки Яндекс"
"наклейки на обои декор стен в детской";"наклейки на обои декор стен для детской комнаты";"3";"Подсказки Яндекс"
"зимний декор для детского сада";"зимний декор для детского сада своими руками";"3";"Подсказки Яндекс"
"декор для детского праздника купить";"декор для детского праздника купить в спб";"3";"Подсказки Яндекс"
"декор детской комнаты";"декор детской комнаты для новорожденного";"2";"Подсказки Яндекс"
"декор детского праздника";"декор детского праздника на природе";"2";"Подсказки Яндекс"
"декор детского дня рождения";"декор детского дня рождения на природе";"2";"Подсказки Яндекс"
"декор для детской купить";"декор для детской купить челябинск";"2";"Подсказки Яндекс"
"декор для детского сада";"декор для детского сада на улицу";"2";"Подсказки Яндекс"
"новогодний декор детской";"новогодний декор детской одежды";"2";"Подсказки Яндекс"
"детские трафареты для декора";"детские трафареты для декора своими руками шаблоны фото";"2";"Подсказки Яндекс"
"декор детской одежды";"декор детской одежды фетром";"2";"Подсказки Яндекс"
"декор детского стола";"декор детского стола на день рождения купить в москве";"2";"Подсказки Яндекс"
"декор окна в детской";"декор окна в детской комнате обои с фламинго";"2";"Подсказки Яндекс"
"декор детского дня рождения своими руками";"декор для детского дня рождения своими руками за 5 минут";"2";"Подсказки Яндекс"
"наклейки для декора стен в детской";"наклейки для декора стен в детской екатеринбург";"2";"Подсказки Яндекс"
"декор банок из под детского";"декор банок из под детского питания нан";"2";"Подсказки Яндекс"
"декор из дерева для детской";"декор из дерева для детской комнаты интернет магазин";"2";"Подсказки Яндекс"
"декор детской площадки";"декор детской площадки своими руками в детском саду";"2";"Подсказки Яндекс"
"декор детской площадки";"декор детской площадки своими руками фото";"2";"Подсказки Яндекс"
"декор детской площадки";"декор детской площадки в детском саду своими руками";"2";"Подсказки Яндекс"
"морской декор для детской";"морской декор для детской комнаты купить";"2";"Подсказки Яндекс"
"морской декор для детской";"морской декор для детской купить";"2";"Подсказки Яндекс"
"декор детской кухни";"декор детской кухни икеа";"2";"Подсказки Яндекс"
"идеи декора детской комнаты своими руками";"идеи для декора детской комнаты своими руками фото";"2";"Подсказки Яндекс"
"воздушный шар декор в детскую";"воздушный шар декор в детскую купить";"2";"Подсказки Яндекс"
"декор детского стула";"декор детского стула из икеа";"2";"Подсказки Яндекс"
"декор детской зоны";"декор детской зоны в комнате";"2";"Подсказки Яндекс"
"декор детской комнаты";"декор детской комнаты алиэкспресс";"1";"Подсказки Яндекс"
"декор детской комнаты";"декор детской комнаты на день рождения";"1";"Подсказки Яндекс"
"декор детского праздника";"декор детского праздника своими руками шаблоны";"1";"Подсказки Яндекс"
"декор детского праздника";"декор детского праздника минск";"1";"Подсказки Яндекс"
"декор детской комнаты своими руками";"декор детской комнаты своими руками мастер класс";"1";"Подсказки Яндекс"
"декор детского дня рождения";"декор детского дня рождения своими руками фото";"1";"Подсказки Яндекс"
"декор детского дня рождения";"декор детского дня рождения 2 года мальчику";"1";"Подсказки Яндекс"
"декор для детского сада";"декор для детского сада своими руками для улицы";"1";"Подсказки Яндекс"
"декор детских тортов";"декор детских тортов без мастики фото";"1";"Подсказки Яндекс"
"декор детской кроватки";"декор детской кроватки своими руками пошагово";"1";"Подсказки Яндекс"
"декор детской кроватки";"декор детской кровати жгутами";"1";"Подсказки Яндекс"
"декор стен в детском саду";"декор стен в детском саду в современном стиле";"1";"Подсказки Яндекс"
"декор стен в детском саду";"декор стен в детском саду своими руками фото по фгос";"1";"Подсказки Яндекс"
"декор стен в детском саду";"декор стен в детском саду своими руками картинки";"1";"Подсказки Яндекс"
"декор стен в детском саду";"декор стен в детском саду в современном стиле фото";"1";"Подсказки Яндекс"
"декор детской мебели";"декор детской мебели самоклеющейся пленкой";"1";"Подсказки Яндекс"
"декор детской кровати";"декор детской кровати своими руками фото";"1";"Подсказки Яндекс"
"набор детской декор косметики eva moda";"набор детской декор косметики eva moda отзывы";"1";"Подсказки Яндекс"
"декор для детской комнаты интернет магазин";"декор для детской комнаты интернет магазин спб";"1";"Подсказки Яндекс"
"наклейки для декора стен в детской";"наклейки для декора стен в детской комнате фото";"1";"Подсказки Яндекс"
"декор банок из под детского";"декор банок из под детского питания тканью";"1";"Подсказки Яндекс"
"декор из дерева для детской";"декор из дерева для детской комнаты купить";"1";"Подсказки Яндекс"
"осенний декор в детском саду";"осенний декор в детском саду скачать";"1";"Подсказки Яндекс"
"декор детских вещей";"декор детских вещей своими руками";"1";"Подсказки Яндекс"
"декор банок из под детского питания";"декор банок из под детской смеси для кухни";"1";"Подсказки Яндекс"
"декор баночек от детского питания";"декор баночек от детского питания фото";"1";"Подсказки Яндекс"
"декор баночек от детского питания";"декор баночек от детского питания для специй";"1";"Подсказки Яндекс"
"декор баночек от детского питания";"декор баночек от детского питания полимерной глиной";"1";"Подсказки Яндекс"
"декор детской площадки";"декор детской площадки из подручных средств фото";"1";"Подсказки Яндекс"
"бумажный декор для детского дня рождения";"бумажный декор для детского дня рождения купить москва";"1";"Подсказки Яндекс"
"бумажный декор для детского дня рождения";"бумажный декор для детского дня рождения скачать";"1";"Подсказки Яндекс"
"декор баночек из под детского";"декор баночек из под детского питания из полимерной глины";"1";"Подсказки Яндекс"
"декор над детской кроваткой";"декор над детской кроваткой купить";"1";"Подсказки Яндекс"
"трафареты для декора детской комнаты";"трафареты для декора детской комнаты распечатать";"1";"Подсказки Яндекс"
"декор для детского платья";"декор для детского платья крючком";"1";"Подсказки Яндекс"
"декор для детского платья";"декор крючком для детского платья";"1";"Подсказки Яндекс"
"декор детской для новорожденного";"декор детской комнаты для новорожденного своими руками";"1";"Подсказки Яндекс"
"декор спальни в детском саду";"декор спальни в детском саду фото";"1";"Подсказки Яндекс"
"аренда декора на детский день рождения";"аренда декора на детский день рождения екатеринбург";"1";"Подсказки Яндекс"
"декор детской шапки своими руками";"декор детской шапки своими руками фото";"1";"Подсказки Яндекс"
"осенний декор для детского сада";"осенний декор для детского сада купить";"1";"Подсказки Яндекс"
"декор детской своими руками";"декор детской своими руками подвески для стен своими руками nmyihaitang xyz";"0";"Подсказки Яндекс"
"декор стен в детской";"декор стен в детской панелями мдф под кирпич";"0";"Подсказки Яндекс"
"декор стен в детской";"декор стен в детской пробкой";"0";"Подсказки Яндекс"
"декор детского праздника";"декор детского праздника казань";"0";"Подсказки Яндекс"
"декор детского праздника";"декор детского праздника красный и золотой";"0";"Подсказки Яндекс"
"декор детского праздника";"декор детского праздника машинки";"0";"Подсказки Яндекс"
"декор детской комнаты своими руками";"декор детской комнаты своими руками на новый год";"0";"Подсказки Яндекс"
"декор детского дня рождения";"декор детского дня рождения 1 год девочке";"0";"Подсказки Яндекс"
"декор детского дня рождения";"декор детского дня рождения 1 год мальчику своими руками";"0";"Подсказки Яндекс"
"декор детского дня рождения";"декор детского дня рождения инстаграмм";"0";"Подсказки Яндекс"
"декор для детской купить";"декор для детской комнаты купить в москве недорого";"0";"Подсказки Яндекс"
"декор для детской купить";"декор для детской комнаты купить в екатеринбурге";"0";"Подсказки Яндекс"
"декор для детского сада";"декор для детского сада своими руками из подручных материалов";"0";"Подсказки Яндекс"
"декор стен в детской комнате";"декор стен в детской комнате алфавит буквы";"0";"Подсказки Яндекс"
"декор стен в детской комнате";"декор стен в детской комнате услуги дизайнера";"0";"Подсказки Яндекс"
"декор стен в детской комнате";"декор стен в детской комнате форум";"0";"Подсказки Яндекс"
"магазин детского декора";"магазин детского декора для дома";"0";"Подсказки Яндекс"
"декор детских тортов";"декор детских тортов фото на один годик";"0";"Подсказки Яндекс"
"детские трафареты для декора";"детские трафареты для декора купить в москве";"0";"Подсказки Яндекс"
"детские трафареты для декора";"детские трафареты для декора новосибирск";"0";"Подсказки Яндекс"
"детские трафареты для декора";"детские трафареты для декора своими руками на стену";"0";"Подсказки Яндекс"
"детские трафареты для декора";"детские трафареты для декора своими руками песочницу";"0";"Подсказки Яндекс"
"детские трафареты для декора";"детские трафареты для декора своими руками шаблоны для мебели";"0";"Подсказки Яндекс"
"декор детской кроватки";"декор детской кроватки своими руками с фотографиями";"0";"Подсказки Яндекс"
"декор детской кроватки";"декор детской кроватки своими руками декупаж";"0";"Подсказки Яндекс"
"декор детской кроватки";"декор детской кроватки своими руками сшить";"0";"Подсказки Яндекс"
"декор детской кроватки";"декор детской кровати купить алиэкспресс";"0";"Подсказки Яндекс"
"декор детской спальни";"декор детской спальни в симс 3 базовая без дополнений";"0";"Подсказки Яндекс"
"декор стены в детской своими руками";"декор стен в детской своими руками советы и фото";"0";"Подсказки Яндекс"
"декор стен в детском саду";"декор стен в детском саду цветы и бабочки";"0";"Подсказки Яндекс"
"декор стен в детском саду";"декор стен в детском саду домики";"0";"Подсказки Яндекс"
"декор стен в детском саду";"декор стен в детском саду с образовательной направленностью";"0";"Подсказки Яндекс"
"декор детской мебели";"декор детской мебели накладки";"0";"Подсказки Яндекс"
"декор детской мебели";"декор детской мебели наклейками";"0";"Подсказки Яндекс"
"декор детской мебели";"декор детской мебели своими руками фото";"0";"Подсказки Яндекс"
"декор детской мебели";"декор детской мебели наклейки";"0";"Подсказки Яндекс"
"декор детской мебели";"декор детской мебели спб";"0";"Подсказки Яндекс"
"декор детской одежды";"декор детской одежды пуговицами";"0";"Подсказки Яндекс"
"декор детской одежды";"декор детской одежды бусинами";"0";"Подсказки Яндекс"
"декор детской одежды";"декор детской одежды тканевым методом";"0";"Подсказки Яндекс"
"декор детской одежды";"декор детской одежды фатином";"0";"Подсказки Яндекс"
"декор детского стола";"декор детского стола на футбольную тему";"0";"Подсказки Яндекс"
"декор детского стола";"декор детского стола на день рождения фото";"0";"Подсказки Яндекс"
"декор детского стола";"декор детского стола своими руками фото";"0";"Подсказки Яндекс"
"декор для детской комнаты купить";"декор для детской комнаты купить на алиэкспресс";"0";"Подсказки Яндекс"
"декор детской кровати";"декор детской кровати из икеа фото";"0";"Подсказки Яндекс"
"деревянный декор детской";"деревянный декор детской купить";"0";"Подсказки Яндекс"
"набор детской декор косметики eva moda";"набор детской декор косметики eva moda bondibon в виде косметички отзывы";"0";"Подсказки Яндекс"
"набор детской декор косметики eva moda";"набор детской декор косметики eva moda bondibon 4748051";"0";"Подсказки Яндекс"
"набор детской декор косметики eva moda";"набор детской декор косметики eva moda bondibon состав";"0";"Подсказки Яндекс"
"набор детской декор косметики eva moda";"набор детской декор косметики eva moda box 24 15 5 2 5 см корона и сердце";"0";"Подсказки Яндекс"
"набор детской декор косметики eva moda";"набор детской декор косметики eva moda bondibon купить";"0";"Подсказки Яндекс"
"набор детской декор косметики eva moda";"набор детской декор косметики eva moda bondibon отзывы";"0";"Подсказки Яндекс"
"подушки декор детские";"подушки декор детские в кроватку екатеринбург";"0";"Подсказки Яндекс"
"декор детской комнаты для девочки";"декор детской комнаты для девушки и мебель";"0";"Подсказки Яндекс"
"аренда детского декора";"аренда детского декора владивосток";"0";"Подсказки Яндекс"
"аренда детского декора";"аренда детского декора ярославль";"0";"Подсказки Яндекс"
"декор для детской комнаты интернет магазин";"декор для детской комнаты интернет магазин на липучках";"0";"Подсказки Яндекс"
"трафареты для декора детской своими руками";"трафареты для декора детской комнаты своими руками шаблоны";"0";"Подсказки Яндекс"
"декор детского дня рождения своими руками";"декор для детского дня рождения своими руками для двойняшек";"0";"Подсказки Яндекс"
"идеи декора детской комнаты";"идеи декора детской комнаты эскизы";"0";"Подсказки Яндекс"
"наклейки для декора стен в детской";"наклейки для декора стен в детской комнате фото купить";"0";"Подсказки Яндекс"
"декор банок из под детского";"декор банок из под детского питания фото";"0";"Подсказки Яндекс"
"декор банок из под детского";"декор банок из под детского питания в стиле стимпанк своими руками";"0";"Подсказки Яндекс"
"декор банок из под детского";"декор банок из под детского питания нутрилон фото интерьер";"0";"Подсказки Яндекс"
"детские картинки для декора";"детские картинки для декора капкейков";"0";"Подсказки Яндекс"
"осенний декор в детском саду";"осенний декор в детский сад скачать шаблоны солнце дождь";"0";"Подсказки Яндекс"
"декор дизайн детской";"декор детские площадки улан удэ";"0";"Подсказки Яндекс"
"декор потолка в детской";"декор потолка в детской своими руками фото";"0";"Подсказки Яндекс"
"детская студия декора";"детская студия декора красноярск";"0";"Подсказки Яндекс"
"купить декор для детского дня рождения";"купить декор для детского дня рождения в стиле марвел";"0";"Подсказки Яндекс"
"купить декор для детского дня рождения";"купить декор для детского дня рождения в украине";"0";"Подсказки Яндекс"
"декор детского домика";"декор детского домика на даче";"0";"Подсказки Яндекс"
"декор детского домика";"декор детского домика внутри";"0";"Подсказки Яндекс"
"декор детского домика";"декор детского домика в морском стиле";"0";"Подсказки Яндекс"
"декор детского домика";"декор детского домика на улице";"0";"Подсказки Яндекс"
"декор детского шкафа";"декор детского шкафа своими руками фото для детского сада";"0";"Подсказки Яндекс"
"декор детской фетром";"декор стен детской комнаты фетром";"0";"Подсказки Яндекс"
"декор для детской спб";"декор для детской санкт петербург smile";"0";"Подсказки Яндекс"
"декор для детской спб";"декор для детской санкт петербург smy";"0";"Подсказки Яндекс"
"детский праздник декор бесплатные шаблоны";"детский праздник декор бесплатные шаблоны little man tiffany";"0";"Подсказки Яндекс"
"детский праздник декор бесплатные шаблоны";"детский праздник декор бесплатные шаблоны черепашки ниндзя";"0";"Подсказки Яндекс"
"детский праздник декор бесплатные шаблоны";"детский праздник декор бесплатные шаблоны minecraft";"0";"Подсказки Яндекс"
"детский праздник декор бесплатные шаблоны";"детский праздник декор бесплатные шаблоны в контакте";"0";"Подсказки Яндекс"
"детский праздник декор бесплатные шаблоны";"детский праздник декор бесплатные шаблоны в стиле гравити фолз";"0";"Подсказки Яндекс"
"детский праздник декор бесплатные шаблоны";"детский праздник декор бесплатные шаблоны винни пух в контакте";"0";"Подсказки Яндекс"
"детский праздник декор бесплатные шаблоны";"детский праздник декор бесплатные шаблоны джентльмен";"0";"Подсказки Яндекс"
"декор детских вещей";"декор детских вещей своими руками фото";"0";"Подсказки Яндекс"
"декор баночек от детского питания";"декор баночек от детского питания для специй своими руками";"0";"Подсказки Яндекс"
"декор баночек от детского питания";"декор баночек от детского питания для свечей";"0";"Подсказки Яндекс"
"декор баночек от детского питания";"декор баночек от детского питания рукоделие";"0";"Подсказки Яндекс"
"декор баночек от детского питания";"декор банок от детского питания для круп";"0";"Подсказки Яндекс"
"декор детской площадки";"декор детской площадки своими руками в детском саду фото";"0";"Подсказки Яндекс"
"декор детской площадки";"декор детской площадки на даче";"0";"Подсказки Яндекс"
"бумажный декор для детского дня рождения";"бумажный декор для детского дня рождения скачать бесплатно";"0";"Подсказки Яндекс"
"бумажный декор для детского дня рождения";"бумажный декор для детского дня рождения на заказ";"0";"Подсказки Яндекс"
"бумажный декор для детского дня рождения";"бумажный декор для детского дня рождения в бело красно синей гамме купить";"0";"Подсказки Яндекс"
"бумажный декор для детского дня рождения";"бумажный декор для детского дня рождения купить казань";"0";"Подсказки Яндекс"
"бумажный декор для детского дня рождения";"бумажный декор для детского дня рождения купить нижний новгород";"0";"Подсказки Яндекс"
"бумажный декор для детского дня рождения";"бумажный декор для детского дня рождения купить спб";"0";"Подсказки Яндекс"
"морской декор для детской";"морской декор для детской комнаты купить в интернет магазине";"0";"Подсказки Яндекс"
"морской декор для детской";"морской декор для детской праздника купить";"0";"Подсказки Яндекс"
"декор баночек из под детского";"декор баночек из под детского питания к празднику";"0";"Подсказки Яндекс"
"идеи декора стен в детской";"идеи декора стен в детской комнате черной краской";"0";"Подсказки Яндекс"
"декор для оформления детского праздника";"декор для оформления детского праздника в ковбойском стиле";"0";"Подсказки Яндекс"
"декор детской кухни";"декор детской кухни ikea";"0";"Подсказки Яндекс"
"декор детской рамки";"декор детской рамки кружевами";"0";"Подсказки Яндекс"
"декор для детского праздника своими руками";"декор для детского праздника своими руками из бумаги";"0";"Подсказки Яндекс"
"аренда декора для детского праздника";"аренда декора для детского праздника екатеринбург";"0";"Подсказки Яндекс"
"аренда декора для детского праздника";"аренда декора для детского праздника нижний новгород";"0";"Подсказки Яндекс"
"аренда декора для детского праздника";"аренда декора для детского праздника уфа";"0";"Подсказки Яндекс"
"бумажный декор для детского праздника";"бумажный декор для детского праздника купить";"0";"Подсказки Яндекс"
"бумажный декор для детского праздника";"бумажный декор для детского праздника candy bar";"0";"Подсказки Яндекс"
"бумажный декор для детского праздника";"бумажный декор для детского праздника купить в москве";"0";"Подсказки Яндекс"
"бумажный декор для детского праздника";"бумажный декор для детского праздника ростов";"0";"Подсказки Яндекс"
"бумажный декор для детского праздника";"бумажный декор для детского праздника спб";"0";"Подсказки Яндекс"
"декор детской комнаты дерево";"декор детской комнаты дерево из фанеры с фоторамками";"0";"Подсказки Яндекс"
"декор детской комнаты дерево";"декор детской комнаты дерево из фанеры";"0";"Подсказки Яндекс"
"декор над детской кроваткой";"декор над детской кроваткой бумажными цветами";"0";"Подсказки Яндекс"
"декор над детской кроваткой";"декор над детской кроваткой своими руками";"0";"Подсказки Яндекс"
"декор детского столика";"декор детского столика и стульчика своими руками";"0";"Подсказки Яндекс"
"настенный декор в детскую";"настенный декор в детскую комнату купить";"0";"Подсказки Яндекс"
"трафареты для декора детской комнаты";"трафареты для декора детской комнаты своими руками";"0";"Подсказки Яндекс"
"трафареты для декора детской комнаты";"трафареты для декора детской комнаты шаблоны";"0";"Подсказки Яндекс"
"наклейки на обои декор в детскую";"наклейки на обои декор в детскую парус";"0";"Подсказки Яндекс"
"наклейки на обои декор в детскую";"наклейки на обои декор в детскую спб";"0";"Подсказки Яндекс"
"декор выпускного в детском саду";"декор на выпускной в детском саду сладкий стол";"0";"Подсказки Яндекс"
"декор выпускного в детском саду";"декор выпускного платья в детский сад";"0";"Подсказки Яндекс"
"детский стульчик декор";"детский стульчик декор фатин";"0";"Подсказки Яндекс"
"декор детского центра";"декор детского центра развития своими руками";"0";"Подсказки Яндекс"
"декор детского центра";"декор детского центра своими руками";"0";"Подсказки Яндекс"
"декор детских валенок";"декор детских валенок своими руками";"0";"Подсказки Яндекс"
"декор детской для новорожденного";"декор детской комнаты для новорожденного купить";"0";"Подсказки Яндекс"
"декор детских футболок";"декор детских футболок своими руками фото";"0";"Подсказки Яндекс"
"декор спальни в детском саду";"декор спальни в детском саду море";"0";"Подсказки Яндекс"
"аренда декора на детский день рождения";"аренда декора на детский день рождения москва";"0";"Подсказки Яндекс"
"наклейки в детскую комнату на стену декор";"наклейки в детскую комнату на стену декор дерево";"0";"Подсказки Яндекс"
"бумажный декор для детского дня рождения купить";"бумажный декор для детского дня рождения купить ставрополь";"0";"Подсказки Яндекс"
"бумажный декор для детского дня рождения купить";"бумажный декор для детского дня рождения купить шаблон";"0";"Подсказки Яндекс"
"декор детского стула";"декор детского стула своими руками";"0";"Подсказки Яндекс"
"декор детского стула";"декор детского стула для мишки";"0";"Подсказки Яндекс"
"декор детского стула";"декор детского стула прованс";"0";"Подсказки Яндекс"
"зимний декор для детского сада";"зимний декор для детского сада своими руками для улицы";"0";"Подсказки Яндекс"
"зимний декор для детского сада";"зимний декор для детского сада на участки";"0";"Подсказки Яндекс"
"студия декора детских праздников";"студия декора детских праздников москва";"0";"Подсказки Яндекс"
"декор жестяных банок из под детского питания";"декор жестяных банок из под детского питания пошаговая инструкция";"0";"Подсказки Яндекс"
"декор детских фоторамок";"декор детских фоторамок полимерной глиной";"0";"Подсказки Яндекс"
"предметы декора для детской комнаты";"предметы декора для детской комнаты купить дешево";"0";"Подсказки Яндекс"
"предметы декора для детской комнаты";"предметы декора для детской комнаты интернет магазин";"0";"Подсказки Яндекс"
"предметы декора для детской комнаты";"предметы декора для детских комнат москва";"0";"Подсказки Яндекс"
"декор стены над детской кроваткой";"декор стены над детской кроваткой купить";"0";"Подсказки Яндекс"
"трафареты для декора стен в детской";"трафареты для декора стен в детской екатеринбург";"0";"Подсказки Яндекс"
"трафареты для декора стен в детской";"трафареты для декора стен в детской звездное небо";"0";"Подсказки Яндекс"
