"Ключевое слово";"Слов";"Символов";"Частотность Весь мир";"""!Частотность !Весь !мир"""
"экран батареи отопления";3;23;17092;18
"купить экран на батарею отопления в москве";7;42;664;168
"экран для батареи отопления в леруа мерлен";7;42;1802;199
"леруа мерлен экран на батарею отопления";6;39;1638;506
"экран для батареи отопления купить";5;34;4567;182
"купить экран на батарею отопления";5;33;4443;465
"экран на батарею отопления купить в москве";7;42;664;168
"экраны для батарей отопления";4;28;17516;1023
"экран на батарею отопления купить";5;33;4567;488
"экран решетка для батареи отопления";5;35;737;570
"решетка экран для батареи отопления";5;35;434;341
"экран для батареи отопления";4;27;17516;1090
"экран для батареи отопления решетка";5;35;737;570
"купить экран для батареи отопления";5;34;4443;182
"экран на батарею отопления леруа мерлен";6;39;1796;558
"экраны на батарею отопления";4;27;17516;1238
"экран на батарею отопления своими руками";6;40;396;132
"экраны на батарею отопления купить в москве";7;43;650;74
"экраны на батарею отопления купить";5;34;4567;88
"купить экран для батареи отопления в спб";7;40;271;116
"купить экраны на батарею отопления";5;34;4443;88
"экраны для батарей отопления купить";5;35;4567;93
"декоративные экраны для батарей отопления купить";6;48;231;77
"экран на батарею отопления леруа";5;32;2255;124
"экран на батарею отопления оби";5;30;185;98
"экраны на батареи отопления";4;27;17516;120
"купить экраны для батарей отопления";5;35;4443;90
"металлический экран на батарею отопления";5;40;587;128
"экраны на батарею отопления леруа мерлен";6;40;1456;122
"экран на батарею отопления цена";5;31;785;83
"экран для батареи отопления купить в спб";7;40;271;116
"экран на батарею отопления металлический";5;40;584;131
"установка экранов на батареи отопления";5;38;119;69
"экраны для батарей отопления на заказ";6;37;229;52
"экран для чугунной батареи отопления";5;36;503;56
"экраны из мдф на батареи отопления";6;34;169;60
"экран навесной на батарею отопления";5;35;254;55
"купить экраны на батарею отопления в москве";7;43;582;58
"экран для батареи отопления купить в москве";7;43;664;53
"отражающий экран для батареи отопления";5;38;100;65
"декоративные экраны для батарей отопления";5;41;488;59
"купить экран на чугунную батарею отопления";6;42;205;62
"экран на батарею отопления размеры";5;34;106;58
"фото экран на батарею отопления";5;31;488;68
"навесной экран на батарею отопления";5;35;249;64
"купить экран для батареи отопления в москве";7;43;664;53
"экран на чугунную батарею отопления купить";6;42;203;61
"экран на батарею отопления фото";5;31;488;68
"экран на батарею отопления купить в минске";7;42;87;51
"экраны на чугунную батарею отопления";5;36;503;39
"экран на батарею отопления икеа";5;31;52;41
"экраны на батарею отопления недорого";5;36;228;45
"экран на батарею отопления металлический купить";6;47;212;40
"экран на батарею отопления заказать";5;35;121;44
"экран для батарей отопления";4;27;17516;39
"экраны металлические на батарею отопления";5;41;584;47
"экран на батарею отопления фото цена";6;36;183;44
"экран для батареи отопления купить в челябинске";7;47;74;46
"защитный экран для батареи отопления";5;36;266;41
"экран для батареи отопления своими руками";6;41;396;49
"экраны на батарею отопления металлические";5;41;584;47
"установить экран на батарею отопления";5;37;90;40
"металлические экраны на батарею отопления";5;41;587;45
"экраны для батарей отопления купить в спб";7;41;271;50
"защитный экран на батарею отопления купить";6;42;109;37
"экран для батареи отопления в леруа";6;35;2255;32
"металлический экран на батарею отопления купить";6;47;207;34
"купить экран для батарей отопления";5;34;4443;34
"экран для батарей отопления купить";5;34;4567;33
"экран металлический на батарею отопления купить";6;47;208;34
"экран на батарею отопления купить в екатеринбурге";7;49;142;33
"заказать экран на батарею отопления";5;35;155;36
"экраны для батарей отопления чугунных";5;37;478;34
"экран на батарею отопления купить в воронеже";7;44;77;36
"купить металлический экран на батарею отопления";6;47;207;34
"экран на чугунную батарею отопления";5;35;503;36
"экран под батарею отопления";4;27;103;36
"купить экраны на батареи отопления";5;34;4443;33
"купить экран на батарею отопления в воронеже";7;44;77;36
"купить защитный экран на батарею отопления";6;42;109;37
"экраны для батарей отопления в леруа мерлен";7;43;1802;32
"экраны на батарею отопления фото";5;32;488;26
"экран решетка для батареи отопления цена";6;40;33;28
"экран металлический для батареи отопления";5;41;584;28
"экраны на батарею отопления своими руками";6;41;396;27
"экраны для батарей чугунных отопления";5;37;503;28
"экраны на батарею отопления фото леруа";6;38;116;27
"навесной экран на батарею отопления купить";6;42;89;31
"экран для батареи отопления металлический";5;41;584;28
"металлический экран для батареи отопления";5;41;587;29
"экраны для чугунных батарей отопления";5;37;503;28
"купить навесной экран на батарею отопления";6;42;89;31
"экран на батарею отопления купить уфа";6;37;59;31
"экран на батарею отопления где купить";6;37;193;27
"экраны на батареи отопления купить";5;34;4567;28
"экраны для батарей отопления купить в екатеринбурге";7;51;142;32
"купить экран для чугунной батареи отопления";6;43;205;26
"экран для батареи отопления заказать";5;36;153;22
"экраны пластиковые для батарей отопления";5;40;115;23
"экраны металлические для батарей отопления купить";6;49;208;23
"экраны для батарей отопления пластиковые";5;40;115;23
"экран для батареи отопления купить недорого";6;43;148;23
"заказать экраны на батареи отопления";5;36;155;22
"экраны на батарею чугунную отопления";5;36;471;25
"металлические экраны для батарей отопления купить";6;49;207;23
"где купить экран на батарею отопления";6;37;187;24
"пластиковые экраны для батарей отопления";5;40;121;23
"экраны на батареи отопления фото";5;32;488;25
"леруа мерлен экран на батарею отопления цена";7;44;292;24
"заказать экран для батареи отопления";5;36;155;22
"купить экран для батареи отопления недорого";6;43;147;24
"экран для чугунной батареи отопления купить";6;43;203;26
"сколько стоит экран на батарею отопления";6;40;31;22
"экраны мдф на батарею отопления";5;31;142;19
"купить экраны для батарей отопления в москве";7;44;664;19
"купить экраны для чугунных батарей отопления";6;44;191;20
"декоративный экран для батареи отопления";5;40;488;19
"экраны деревянные для батарей отопления";5;39;157;20
"экраны на батареи отопления из мдф";6;34;145;19
"фото экраны для батарей отопления";5;33;371;21
"экраны для батарей отопления деревянные";5;39;157;20
"экран для батареи отопления цена";5;32;785;20
"экраны для батарей отопления купить в москве";7;44;664;19
"экран для батареи отопления леруа мерлен";6;40;1796;21
"экран на батарею отопления из дерева";6;36;146;21
"фото экраны на батареи отопления";5;32;371;19
"экран на батарею отопления купить леруа мерлен";7;46;324;20
"экран на батареи отопления";4;26;17516;21
"купить экран для батареи отопления в воронеже";7;45;77;19
"купить декоративные экраны на батарею отопления";6;47;204;17
"купить экраны на батареи отопления в москве";7;43;664;17
"купить экраны на чугунные батареи отопления";6;43;205;18
"экран для батареи отопления декоративный";5;40;534;17
"экраны на батарею отопления из дерева";6;37;122;18
"металлические экраны на батарею отопления купить";6;48;207;17
"экран на батарею отопления";4;26;17516;2198
"экраны на батареи отопления заказать";5;36;153;18
"экраны на батарею отопления купить в леруа";7;42;304;18
"экраны на батареи отопления купить в москве";7;43;664;17
"экран на батарею отопления купить в оби";7;39;30;19
"батареи отопления экран";3;23;16454;18
"экран декоративный для батареи отопления";5;40;514;17
"защитные экраны на батареи отопления";5;36;266;18
"экран для батареи отопления купить в воронеже";7;45;77;19
"купить в екатеринбурге экран для батареи отопления";7;50;171;17
"экран для батареи отопления деревянный";5;38;157;15
"экран на заказ для батареи отопления";6;36;199;15
"экраны на чугунные батареи отопления купить";6;43;203;16
"экраны для батарей отопления где купить";6;39;193;15
"уфа купить экран на батарею отопления";6;37;41;16
"экран деревянный для батареи отопления";5;38;157;15
"купить экран на батарею отопления в оби";7;39;40;17
"деревянный экран для батареи отопления";5;38;156;16
"экран на батарею отопления леруа мерлен купить";7;46;270;16
"экран на батареи отопления купить";5;33;4567;15
"экран для батареи отопления купить в екатеринбурге";7;50;142;17
"металлические экраны для батарей отопления";5;42;587;16
"где купить экраны для батарей отопления";6;39;187;15
"экраны на батарею отопления на заказ";6;36;229;16
"купить экран для батареи отопления в екатеринбурге";7;50;142;17
"купить декоративные экраны для батарей отопления";6;48;124;15
"купить в новосибирске экран на батарею отопления";7;48;30;14
"экран для батареи отопления где купить";6;38;193;14
"купить экран на батареи отопления";5;33;4443;14
"экран на батарею отопления навесной";5;35;188;14
"экран декоративный на батарею отопления";5;39;534;14
"купить экран на батарею отопления недорого";6;42;147;14
"купить экран на батарею отопления в новосибирске";7;48;32;15
"экраны для батарей отопления леруа мерлен";6;41;1796;14
"экран решетка abc для батареи отопления купить";7;46;15;15
"экран для батареи отопления металлический купить";6;48;208;14
"экран на старую батарею отопления";5;33;69;15
"экран на батарею отопления купить в новосибирске";7;48;32;15
"где купить экран для батареи отопления";6;38;187;14
"экран батарея отопления";3;23;17092;14
"экран на батарею отопления леруа мерлен москва";7;46;95;15
"экраны металлические для батарей отопления";5;42;584;13
"экран на батарею отопления купить недорого";6;42;148;13
"экраны на батарею отопления оби";5;31;175;13
"декоративные экраны на батарею отопления купить";6;47;231;13
"экран на батарею отопления деревянный";5;37;157;13
"экран на батарею отопления на заказ";6;35;229;13
"деревянный экран на батарею отопления";5;37;156;13
"экран для батареи отопления фото";5;32;488;13
"купить декоративный экран на батарею отопления";6;46;231;13
"защитные экраны для батарей отопления";5;37;266;13
"экран для батареи отопления на заказ";6;36;229;13
"фото экран для батареи отопления";5;32;488;13
"чугунные экраны на батареи отопления";5;36;454;13
"деревянные экраны для батарей отопления";5;39;156;13
"декоративный экран на батарею отопления купить";6;46;231;13
"экраны для батарей отопления металлические";5;42;584;13
"купить экраны для батарей отопления недорого";6;44;147;13
"купить экран для батареи отопления металлический";6;48;207;12
"батарея отопления экран";3;23;16454;12
"экран для батареи отопления из массива";6;38;38;13
"декоративный экран на батарею отопления";5;39;488;12
"экран на батарею отопления 7 секций";6;35;26;13
"металлический экран для батареи отопления купить";6;48;207;12
"экраны для батарей отопления стеклянные";5;39;76;13
"экран на батарею отопления купить в брянске";7;43;27;13
"стеклянные экраны для батарей отопления";5;39;76;13
"экран на батарею отопления леруа мерлен каталог";7;47;18;13
"экран для батареи отопления стеклянный";5;38;76;13
"стеклянный экран для батареи отопления";5;38;76;13
"своими руками экраны для батарей отопления";6;42;283;12
"экран из массива для батареи отопления";6;38;38;13
"экраны для батарей отопления декоративные купить";6;48;125;13
"купить металлический экран для батареи отопления";6;48;207;12
"защитный экран для батареи отопления купить";6;43;109;11
"леруа мерлен экран для батареи отопления";6;40;1638;11
"деревянные экраны на батарею отопления на заказ";7;47;22;12
"экраны декоративные на батареи отопления";5;40;330;11
"аркмастер экраны для батарей отопления";5;38;14;12
"в магазине купить экран на батарею отопления";7;44;141;11
"купить экран для батареи отопления в минске";7;43;87;12
"экран для батареи отопления своими руками фото";7;46;21;12
"экран стеклянный на батарею отопления";5;37;62;12
"экран купить на батареи отопления";5;33;3520;11
"экраны для батарей отопления купить недорого";6;44;148;12
"экран для батареи отопления купить в минске";7;43;87;12
"навесной экран для батареи отопления";5;36;249;11
"металлические навесные экраны для батарей отопления";6;51;41;12
"экраны для батарей отопления недорого купить";6;44;148;12
"экраны для батарей отопления нижний новгород";6;44;98;11
"экраны на батарею отопления под заказ";6;37;49;10
"экраны для батарей отопления из дерева";6;38;122;10
"экраны на батарею отопления навесные";5;36;257;10
"купить недорого экран на батарею отопления";6;42;121;10
"купить экран на батарею отопления екатеринбург";6;46;144;10
"экран из дерева на батарею отопления";6;36;89;10
"как установить экран на батарею отопления видео";7;47;17;11
"экраны для чугунных батарей отопления купить";6;44;203;10
"декоративные экраны на батареи отопления";5;40;488;10
"экраны из дерева для батарей отопления";6;38;122;10
"экран на батарею отопления саратов";5;34;38;11
"купить экран на батарею отопления в запорожье";7;45;11;11
"экран на батарею отопления недорого купить";6;42;118;10
"защитный экран на батарею отопления";5;35;266;10
"экран на батарею отопления стеклянный";5;37;60;11
"экраны пластиковые для батарей отопления купить";6;47;36;10
"экран на батарею отопления зеленоград";5;37;33;10
"теплоотражающий экран для батареи отопления";5;43;32;10
"пластиковые экраны для батарей отопления купить";6;47;32;10
"как экран крепить на батарею отопления";6;38;23;10
"экран для батареи отопления купить в саратове";7;45;19;10
"купить экран для батареи отопления в саратове";7;45;19;10
"купить экран на батарею отопления в твери";7;41;15;10
"отражающий экран для батареи отопления купить";6;45;15;10
"деревянные экраны для батарей отопления производители москва";7;60;10;10
"экран на батарею отопления купить в твери";7;41;10;10
"экраны для батарей отопления в леруа мерлен цена";8;48;334;123
"купить экран на батарею отопления в леруа мерлен";8;48;342;120
"как сделать экран для батареи отопления своими руками";8;53;53;31
"купить экраны на батареи отопления в интернет магазине";8;54;111;30
"экраны на батарею отопления на заказ в москве";8;45;43;28
"декоративный экран на батарею отопления купить в москве";8;55;36;28
"купить в спб экран для батареи отопления в";8;42;257;24
"купить экран для батареи отопления купить в спб";8;47;242;24
"купить экран для батареи отопления в интернет магазине";8;54;111;23
"экран на батарею отопления купить в москве недорого";8;51;70;23
"экран на батарею отопления купить недорого в москве";8;51;70;23
"купить в нижнем новгороде экран для батареи отопления";8;53;65;22
"экран для батареи отопления в нижнем новгороде купить";8;53;63;22
"экран для батареи отопления купить в интернет магазине";8;54;110;21
"декоративные экраны для батарей отопления в леруа мерлен";8;56;22;21
"как своими руками сделать экран для батареи отопления";8;53;48;20
"как сделать своими руками экран для батареи отопления";8;53;48;20
"купить экран для батареи отопления в нижнем новгороде";8;53;56;18
"экран для батареи отопления купить в нижнем новгороде";8;53;56;18
"купить экран на батарею отопления в интернет магазине";8;53;111;17
"как сделать экран своими руками для батареи отопления";8;53;37;16
"как сделать экран на батарею отопления своими руками";8;52;48;15
"как сделать своими руками экран на батарею отопления";8;52;47;15
"защитные экраны для батарей отопления в леруа мерлен";8;52;29;15
"декоративные экраны для батарей отопления купить в екатеринбурге";8;64;16;15
"купить экран на батарею отопления в минске цены";8;47;14;14
"экраны на батарею отопления купить в леруа мерлен";8;49;352;13
"экраны на батарею отопления купить в москве дешево";8;50;16;13
"купить экран на батарею отопления в нижнем новгороде";8;52;56;12
"экран на батарею отопления купить в нижнем новгороде";8;52;56;12
"экран для батареи отопления своими руками из ламината";8;53;13;12
"экран на батарею отопления металлический купить в москве";8;56;49;11
"экран на батарею отопления своими руками из дерева";8;50;15;10
"экраны на батареи отопления фото цена в леруа мерлен";9;52;100;76
"купить экран для батареи отопления в леруа мерлен москва";9;56;73;40
"металлические экраны на батарею отопления купить в леруа мерлен";9;63;20;19
"навесной экран на батарею отопления купить в леруа мерлен";9;57;17;17
"экраны на батарею отопления купить в москве леруа мерлен";9;56;78;15
"купить экран на батарею отопления в леруа мерлен москва";9;55;78;11
"купить экран на батарею отопления в москве леруа мерлен";9;55;78;11
"экран для батареи отопления в леруа мерлен фото и цены";10;54;71;38
"экраны на батарею отопления купить в леруа мерлен и цены";10;56;23;20
